{"cameraMode":{"drawMode":0,"name":"Shaded","section":"Shading Mode"},"sceneLighting":true,"audioPlay":false,"sceneViewState":{"showFog":false,"showMaterialUpdate":false,"showSkybox":false,"showFlares":false,"showImageEffects":false,"showParticleSystems":false},"in2DMode":false,"pivot":{"x":-0.7111768126487732,"y":0.3241919279098511,"z":0.09950932115316391},"rotation":{"x":0.2847153842449188,"y":0.3559129238128662,"z":-0.11201970279216767,"w":0.8834505677223206},"size":0.21100163459777833,"orthographic":false}