{"cameraMode":{"drawMode":0,"name":"Shaded","section":"Shading Mode"},"sceneLighting":false,"audioPlay":false,"sceneViewState":{"showFog":false,"showMaterialUpdate":false,"showSkybox":false,"showFlares":false,"showImageEffects":false,"showParticleSystems":false},"in2DMode":false,"pivot":{"x":-1.7591440677642823,"y":1.0979251861572266,"z":-6.839986801147461},"rotation":{"x":0.19723926484584809,"y":-0.09953869879245758,"z":0.023102929815649987,"w":0.9754335284233093},"size":3.2110016345977785,"orthographic":false}